ID_NUTS3,Name_NUTS3,PDI_DEMO,IND_DEMO,MAS_DEMO,UAI_DEMO,LTO_DEMO,IVR_DEMO,IR_total_DEMO,IR_DEMO,R_DEMO,SD_DEMO,AWF_DEMO,DEM_DEMO,LFT_DEMO,ACH_DEMO,APP_DEMO,COMF_DEMO,PDA_DEMO,PDA_FUNC_DEMO,PDA_DISFUNC_DEMO,PDA_POZITIV_DEMO,Satisfaction_DEMO,Negative_experience_DEMO,Trsust_Family_DEMO,Trust_First_DEMO,Trust_Religion_DEMO,Trust_Nationality_DEMO,Democracy_1_DEMO,Democracy_2_DEMO,Democracy_3_DEMO,PDI_FD,IND_FD,MAS_FD,UAI_FD,LTO_FD,IVR_FD,IR_total_FD,IR_FD,R_FD,SD_FD,AWF_FD,DEM_FD,LFT_FD,ACH_72_FD,APP_72_FD,COMF_72_FD,PDA_TOTAL_FD,PDA_FUNC_FD,PDA_DISFUNC_FD,PDA_POZITIV_FD,Satisfaction_FD,Negative_experience_FD,Trust_Family_FD,Trust_First_FD,Trust_Religion_FD,Trust_Nationality_FD,Democracy_1_FD,Democracy_2_FD,Democracy_3_FD,venit_propriu,chelt_tot,chelt_asistenta_sociala,proc_neet,supr_agricol,rata_mort_infantila,personal_sanitar,medici,pod_pop_varstnice,pod_pop_tinere,cabinete_medicale,paturi_spitale,pop_ocupata_civila,rata_mortalitatii,rata_natalitatii,spor_migratoriu,spor_natural,chelt_sanatate,pon_studii_sup>10ani,pon_pop_analfabeta,pop_25_st_superioare,chelt_inv,pon_pop_fara_studii,pop_25_sup_post_ter,unit_scolare,rata_part_forta_munca_fem,media_ani_sc_pop_fem_25_ani,pondere_someri_fem,lung_cond_canalizare,acces_apa,acces_apa_calda,acces_inc_centrala,acces_electricitate,banci,proc_salariati,pondere_someri,proc_structura_turistica,grad_utilizare_cazare,lungime_gaz,lungime_apa_potabila,densitate_drumuri,acces_dj,acces_dn,cadre_didactice,chelt_transport,densitate_cai_ferate,lhdi,loc_noi_terminate,densitate_pop,rata_crestere_pop,proc_loc_baie,proc_loc_closet,supr_locuibila,densitatea_locativa,pers_gospodarie,aut_construire,chelt_locuinte_sociale,chelt_cultura,acces_canalizare,supr_paduri,schimbare_supr_construita,schimbare_paduri,utilizare_internet,bibiloteci,muzee_ind,sume_ue,finantare_mdrap
1,ALBA,94,61,37,140,40,-3,120.886,81.45,104.564,24.597,32.546,35.194,31.045,42.644,36.53,41.712,15.39,8.127,7.263,10.34,7.9,7.445,3.609,2.001,2.376,2.203,3.52,3.4,2.46,111,45,39,139,39,-13,119.67,79.4,103.73,23.53,32.13,35.37,31.3,41.43,35.17,43.07,15.3667,8.3,7.0667,10.1333,7.7,6.86,3.6333,1.8276,2.2222,2.069,3.6071,3.4074,2.5238,1140.516915,2601.368659,299.9858252,23.5043389484,40.1229071183,4.7522063815,8.548501498,1.7467526281,17.9615209655,13.6919001365,0.5186984128,5.5367489441,41.2964109634,11.6889869898,7.8156504022,-3.8733365876,-1.8491202751,63.87723115,12.8656202702,1.0351611241,14.1194118474,180.9504001,2.727029,17.7711455224,0.3528450453,43.59648045,10.1474991015,2.1,0.1361179867,0.796258,0.60034,67.9,99.084135,0.1111569854,24.15044304,2.2,1.0798107155,0.4626957473,0.2277435569,0.3050771385,0.4846152425,992.6,410.665,2.1214442208,390.4018746,0.0368102727,76,13.2329744551,60.21208879,-0.005500803,63.5427,60.7107,19.6286642106,2.7688,2.71,4.5256772636,299.9858252,310.9479859,0.725851,38.8356854912,9.3930062511,-0.6632260279,34.0788860819,0.5319655731,0.1508559088,86.87192521,81.5824689929
2,ARAD,74,33,37,81,43,23,117.087,72.939,99.852,23.299,31.141,34.587,30.194,41.578,35.137,40.372,13.353,7.141,6.212,10.71,7.625,6.665,3.652,2.204,2.378,2.475,3.03,3.54,2.23,88,25,39,80,49,26,114.54,72.0571,101.51,21.97,30.1,34.23,30.64,40.63,33.57,40.34,12.8857,7.0429,5.8429,10.6286,7.64,6.05,3.7101,2.0857,2.2319,2.3284,3.0923,3.5758,2.2742,1371.396475,2441.273952,289.9159856,21.0134070168,60.8366663581,4.4742729306,9.2338899217,2.4011078127,17.3042355449,14.2397355417,0.6044679727,4.9224429054,40.8906506529,12.4248225101,8.5284185221,-3.896403988,1.2592295804,29.90005872,13.6973808626,1.0127262487,14.2119655185,186.2086675,2.280591,17.9697367292,0.3201071829,45.08679044,9.9661622788,0.9,0.1661247742,0.835308,0.648145,70.5,99.36811,0.2413812087,27.5985534067,0.9,0.7072045939,0.4872206132,0.1678556443,0.390711622,0.3240860419,1160.41,417.699,2.0840585863,447.9994255,0.0598054354,74,10.883328181,60.80899411,-0.00332117,66.4863,63.8464,21.8530369567,2.778234,2.72,6.1912162649,289.9159856,297.2144167,0.772743,31.9977312965,6.2183705648,0.0378841733,37.6026668174,0.4234758047,0.0254085483,44.1649082,99.7302728073
3,ARGES,100,31,38,81,52,13,97.022,61.376,108.355,18.205,24.756,31.588,25.115,33.319,29.261,34.441,12.601,6.389,6.212,10.67,7.323,6.716,3.643,2.158,2.129,2.077,3.25,3.75,1.66,112,20,39,81,57,16,96.08,61.375,109.3,17.32,24.15,31.67,25.81,32.74,28.39,34.95,11.9659,6.2159,5.75,10.5909,7.32,5.96,3.7011,2.0682,1.9885,1.9318,3.3563,3.7841,1.7176,1246.914385,2512.317515,246.7080939,19.3581579021,42.750799248,7.6435495899,9.1321490387,2.2228956692,18.1048338617,13.4914985035,0.548428258,5.3333918273,46.3353422671,12.0753380766,8.4043224916,-3.671015585,-2.6948983381,250.2676238,14.0196257079,0.7880593137,14.9935305788,173.4798282,2.770077,19.6075217804,0.32276108,43.9387827,10.3799146036,1.8,0.1253937717,0.809432,0.579919,59.8,99.212308,0.1249695387,24.0511687776,1.9,0.8935322015,0.4573710505,0.1814925288,0.5931864393,0.5184662965,1158.81,547.961,1.9812251487,351.7261278,0.033283894,76,27.3058442005,93.44087029,-0.005802654,60.4076,56.4091,20.8142327808,2.726581,2.67,6.5484038266,246.7080939,237.8206467,0.677448,42.7298281749,6.9898612492,-0.6953127888,36.7717844745,0.5748598779,0.0453014578,15.19151483,97.5893777279
4,BACAU,84,39,34,92,38,23,118.773,68.062,93.289,25.547,30.225,34.006,30.952,42.886,36.151,39.736,14.976,7.687,7.289,10.33,7.305,6.949,3.688,2.104,2.189,2.165,3.13,3.3,1.86,95,27,35,96,43,23,117.74,68.0385,94.3,24.63,29.62,34.04,31.62,42.29,35.19,40.25,14.7,7.7154,6.9846,10.1692,7.22,6.38,3.7308,2.0154,2.0547,2.0155,3.2302,3.328,1.9426,732.5570865,1740.099823,124.8494998,22.8921418997,45.4333719363,8.4077771939,7.3851871944,1.503892665,15.2559077802,15.2052047845,0.4002754758,4.4272661497,43.6789966373,12.2220518738,7.6777832469,-4.5442686269,-0.8997087042,36.34725125,10.1795109589,1.6171595949,11.8336540967,128.1477096,4.395098,15.3751560007,0.2407292348,44.30723757,9.622928562,1.9,0.1504506966,0.667602,0.484458,54.1,97.625237,0.0416256005,14.6483173858,2.3,0.405513915,0.4555876494,0.1527753085,0.3146075467,0.3707303208,947.58,440.336,1.9598988082,252.6443582,0.0333596909,68,12.648811522,111.9634662,-0.004564991,51.2971,50.4514,17.038894424,2.688588,2.59,3.5502608985,124.8494998,130.0746395,0.574795,42.0895667298,1.5801588467,-0.6126564681,30.3825705019,0.479365787,0.034911794,32.78516193,108.8170372071
5,BIHOR,64,45,37,100,50,29,113.153,71.651,102.498,21.443,30.112,33.89,30.218,40.472,33.491,39.19,13.382,6.816,6.566,11.41,7.557,6.978,3.664,1.89,2.337,2.525,3.42,3.54,1.94,74,46,37,91,54,40,104.78,67.1,106.33,18.43,27.6,32.4,29.3,38.25,29.28,37.25,12.35,6.4,5.95,11.5,7.85,6.29,3.75,1.775,2.2778,2.4595,3.3333,3.6154,1.8611,1212.990334,2498.67988,238.560891,21.629814068,59.121042406,7.1893187265,12.1561028004,3.4422071536,16.4028727948,15.3374203264,0.5913028264,6.6965875899,41.8008057032,12.1772328975,9.458768061,-2.7184648364,0.4986820546,40.38712947,14.0792182675,1.7761331378,15.2313685895,166.4670757,4.856594,19.1448220681,0.3189622232,45.90520851,10.1800464833,1.1,0.1854042979,0.844466,0.643243,69.9,99.228378,0.0873492417,26.3374139448,1.0,0.8637869455,0.8591851419,0.0998820863,0.4035894559,0.3985462466,961.01,528.241,2.2347035003,563.4939964,0.0663580164,71,21.6108494228,81.93457545,-0.001819673,67.203,62.7839,19.2075207697,2.82997,2.75,4.8947926911,238.560891,242.3681828,0.753803,31.661910326,5.0749311423,-0.3189130452,39.6169492653,0.4529219939,0.0226460997,235.9674739,94.0534511632
6,BISTRITA-NASAUD,61,36,38,94,60,19,119.565,77.23,101.666,24.214,31.908,36.217,29.847,41.004,35.715,42.846,13.234,6.744,6.49,10.91,7.728,6.477,3.821,2.284,2.284,2.169,2.83,3.28,1.93,73,37,39,85,69,24,110.7,72.25,105.55,21.1,29.2,34.75,28.65,38.65,31.4,40.65,12.45,6.45,6.0,10.9,7.9,5.9,3.9,2.2,2.2,2.15,2.75,3.4,1.75,1022.558248,2969.674066,277.9109817,20.984968906,47.6514689981,6.7360685854,8.0218130088,1.4134683778,15.0698718457,16.4093617904,0.4199967131,4.4711428789,46.7453926107,10.2957949966,9.933845335,-0.3619496616,-1.9466200289,83.23038552,10.3719278757,1.5480134092,11.7501552266,199.7947472,2.497195,15.3153604262,0.3437000989,44.47957298,9.4340937769,1.7,0.1655680355,0.770924,0.592102,68.1,98.227394,0.0972709421,20.3469532917,1.6,0.571466785,0.4469741819,0.141774162,0.2672938426,0.2993362589,734.86,318.633,2.1394931599,751.9811239,0.0597179569,72,20.3661035084,61.16771602,-0.002273321,61.3804,58.6909,18.7442686137,3.005334,2.92,5.5869997386,277.9109817,241.7786541,0.700468,41.7475483587,1.8692320997,-0.2398180282,34.507086896,0.6049036714,0.0303971694,598.746249,233.6622555828
7,BOTOSANI,93,31,54,82,61,33,102.755,66.818,108.063,20.492,24.322,31.83,28.471,37.561,28.57,36.624,12.928,7.486,5.442,9.93,7.331,6.783,3.824,2.236,2.952,2.257,3.23,3.61,2.78,109,21,53,86,68,27,100.93,67.1333,110.2,19.37,23.45,31.57,29.22,36.72,27.22,37.0,12.7833,7.5667,5.2167,9.6833,7.12,6.31,3.85,2.0877,2.7627,2.0755,3.3393,3.6667,2.9038,577.2275604,1796.724979,145.9091559,20.3559157084,79.4263071384,12.3855681206,8.0234613424,1.4078570782,15.8660908074,15.3655756034,0.3032533814,4.8348088584,46.6880419557,13.1804259751,8.1955637153,-4.9848622598,7.6836168166,42.38210878,7.0258830921,1.7307750599,8.0653172731,215.1101039,3.947174,11.4063771955,0.2890734644,43.74281156,8.896084275,1.1,0.0631034467,0.506494,0.330465,37.3,98.650203,0.0794402113,12.0228346474,1.3,0.0838535564,0.3931949096,0.056702811,0.2018507708,0.5176689748,677.48,418.992,2.1050177486,277.1824164,0.0323041492,60,13.7255031765,90.6615691,-0.003111914,36.4714,36.6534,16.728713885,2.774646,2.7,3.2173285581,145.9091559,134.4213566,0.393691,11.1551536689,1.0823778401,0.2056503248,26.4159654979,0.5450481165,0.0198600528,50.24218178,173.5151779944
8,BRAILA,52,29,57,95,32,16,125.079,79.251,98.172,26.087,33.068,36.241,31.189,45.945,37.533,41.601,15.025,7.756,7.269,10.99,8.284,6.824,3.678,1.94,2.155,2.157,3.19,3.74,2.2,63,21,57,95,33,19,123.36,79.303,99.94,24.94,32.36,36.21,31.67,45.24,36.27,41.85,14.4545,7.5758,6.8788,10.8788,8.3,6.33,3.7273,1.8485,2.0645,2.0625,3.2727,3.7813,2.2667,981.5459726,2183.350194,402.6403151,24.8853923279,84.8827582556,8.7427144047,10.3128823632,1.5015144091,19.1297637352,12.3088344034,0.4200548679,5.5492168862,42.2300536717,14.0343901624,6.9206744344,-7.113715728,-4.5062176584,49.57899999,10.8451600695,1.8306927457,11.8389833916,114.6545598,2.46277,15.7654723127,0.299646187,43.20753069,9.4843447139,1.6,0.1069704137,0.833047,0.49223,59.6,99.553168,0.1203503916,19.8082417094,2.0,0.2464317542,0.7330829415,0.0991335999,0.3060129133,0.2491436277,593.53,275.34,2.0132733408,295.8643957,0.0331073954,72,13.7829853201,72.59288843,-0.011828772,55.0193,57.2448,15.8785865133,2.672846,2.58,3.169226978,402.6403151,140.521174,0.622875,4.8957648237,5.8900949723,-2.0414320831,33.4046625767,0.429822827,0.0257893696,22.88168009,167.3001066702
9,BRASOV,114,58,41,86,50,14,92.849,58.181,109.333,17.263,21.341,29.087,27.76,36.322,23.905,32.621,13.344,7.29,6.054,10.15,7.009,6.289,3.687,1.849,2.011,2.221,2.349,3.584,1.409,127,49,40,85,54,15,89.8,57.3,111.5,15.79,20.17,28.67,28.09,35.24,22.09,32.47,12.7714,7.1286,5.6429,10.0714,7.01,5.64,3.7391,1.7246,1.8537,2.0667,2.4231,3.6522,1.4603,1545.191935,2332.133097,247.1676494,20.8779059344,47.8077595965,7.1168487256,9.3426412905,2.7163973918,16.7181818182,15.6789968652,0.5235182312,5.7343765007,39.2349472067,10.2280367239,9.5132078027,-0.7148289213,2.2877674507,80.86333227,18.2807457066,0.7150638763,20.3578805172,181.1148025,2.535254,24.7697172,0.2897103998,45.01022687,11.1503959592,1.2,0.2239897666,0.940181,0.811426,85.5,99.212622,0.2617074678,28.179903389,1.3,3.0301310429,0.5393142069,0.3114927642,0.4019616489,0.3042366,817.83,478.988,1.8342982189,397.3309312,0.0658464254,87,63.1723990061,118.1430949,0.001387843,83.826,85.0309,20.6647984537,2.717631,2.61,3.5661583866,247.1676494,219.1478972,0.908762,41.7368765296,13.5249640002,-0.7190048265,42.5431267342,0.3326522633,0.0551792854,25.77279777,60.122159823
10,BUCURESTI,80,44,40,100,49,17,110.909,65.164,98.255,21.926,29.577,32.571,28.896,40.874,31.907,38.128,14.991,7.835,7.156,10.23,7.488,7.245,3.574,2.065,2.299,2.352,2.989,3.505,1.807,93,41,41,96,54,21,104.69,62.2692,101.58,19.54,27.57,31.55,28.44,39.12,28.66,36.9,14.3704,7.6356,6.7348,10.1842,7.59,6.69,3.6421,1.9494,2.1906,2.2737,2.972,3.5879,1.7539,3621.87257,4594.243488,364.786426,8.2421667552,13.9831480839,3.6112100097,19.892001465,6.2270448697,17.7998898527,13.8421640915,0.6480966437,10.347059585,47.4402219361,10.609266691,9.2553930164,-1.3538736745,9.8871379647,146.5520217,33.6605551943,0.1949216551,45.3710771613,420.2234193,0.008752,50.2230870954,0.2683268409,38.71932131,12.5173710073,1.1,14.9378200481,0.996544,0.962743,96.6,99.850688,0.4764919593,45.0419284533,1.1,0.1712910519,0.8700275498,8.6973680874,10.3225799084,0.3778607216,0.0,81.19,1.7383639931,641.3786002,0.4066109939,102,26.9191932097,8649.473575,0.007645457,97.1967,98.3979,19.3170512198,2.502465,2.4,0.8025127735,364.786426,802.3794504,0.991227,2.6440062762,3.7615672869,4.66018e-05,61.807274582,0.1670324346,0.0189271881,127.0719045,0.0
11,BUZAU,67,28,33,96,34,-9,122.797,73.54,94.743,24.745,31.623,35.997,32.387,46.381,34.561,41.855,16.365,8.423,7.942,9.92,7.316,7.41,3.64,2.073,2.185,2.038,3.17,3.287,2.525,78,22,33,92,39,-4,116.95,70.975,98.03,22.35,29.68,35.28,31.95,44.68,31.4,40.88,15.4,8.075,7.325,9.925,7.45,6.71,3.725,2.0,2.1,1.975,3.1795,3.375,2.4595,785.495375,2266.590302,144.3972954,27.510460251,63.473129186,7.318501171,8.8883415365,1.3716838587,19.3300349862,13.8127143257,0.4610162514,5.485147416,42.7165245229,14.7416004678,7.2907640362,-7.4508364316,-3.1737020263,48.87568778,9.0271319646,1.6815947152,9.6848110737,176.7585788,3.69222,13.4902263374,0.3073389992,42.47171219,9.0986543678,3.3,0.0795055186,0.685233,0.384971,47.1,98.493682,0.1634979212,17.1919125859,4.0,0.4628902186,0.3136775103,0.0983409498,0.4131008391,0.4430998286,898.99,317.992,2.0430687651,549.9401351,0.0399986527,66,11.1263520429,76.78245474,-0.010166667,41.6786,41.2022,20.1160962642,2.738315,2.67,2.6329535369,144.3972954,173.9030772,0.488574,27.8862790769,3.7617833362,-0.1681643691,26.4957144963,0.4989871622,0.0148634474,63.23871063,138.9755002505
12,CALARASI,27,13,25,64,45,-9,117.127,67.311,94.184,23.111,30.24,33.075,32.746,41.929,36.727,38.471,14.041,7.652,6.389,10.8,7.861,6.839,3.689,2.186,2.355,2.341,3.47,3.675,1.905,38,7,28,58,48,-3,113.75,65.4167,95.67,21.58,29.0,32.67,32.83,40.92,34.83,38.0,13.5,7.5,6.0,10.75,8.0,6.25,3.75,2.0833,2.25,2.25,3.5,3.7273,1.9091,823.4433351,2320.877573,202.6281239,29.9154945085,86.7965501307,11.1667308433,6.5210094778,1.0292965941,17.4489928949,15.3200573626,0.3998658515,3.7463042564,41.9872118843,14.3335462766,8.3368913058,-5.9966549708,-3.8297694755,37.64429692,6.8583566698,3.5997001169,7.8687026184,156.1391173,3.791898,10.4163306271,0.301758869,46.09944162,8.4188934889,1.7,0.0696774925,0.80912,0.369727,44.4,98.195935,0.1022903448,13.7433471319,1.7,0.1854012499,0.3923699463,0.0621867688,0.2758984909,0.2646329143,639.24,401.899,1.9266187396,273.8068615,0.036962101,59,11.2199721898,61.19883978,-0.010074781,42.0557,41.7423,16.55105407,2.868952,2.8,2.934454265,202.6281239,167.6136267,0.46975,4.0105017046,3.3087770132,-2.2182431328,24.9168618956,0.4762894177,0.0159828664,59.19882699,214.8175049426
13,CARAS-SEVERIN,71,36,37,94,40,4,108.97,70.046,105.076,21.379,28.001,33.155,28.965,40.403,31.477,37.09,13.152,7.023,6.129,10.01,7.63,6.427,3.714,2.142,2.281,2.504,3.091,3.507,2.515,81,24,39,100,44,4,111.87,72.1887,104.32,21.68,28.6,34.0,30.23,40.89,32.32,38.66,12.8302,6.9811,5.8491,9.8113,7.42,5.89,3.7358,2.0962,2.1731,2.3462,3.2308,3.4898,2.6383,727.6863001,2190.607207,226.8457756,29.2419092656,32.5399603583,9.9103350637,8.3291180879,1.7223027343,18.6814719485,12.5345116698,0.4860442582,5.6098618751,36.2312613548,12.8733537801,6.611400063,-6.2619537171,-5.4195384188,44.41587547,10.9292609566,1.0080932486,10.859809408,133.3767,2.127571,14.124546316,0.3806469125,41.1180821,9.4975058554,1.5,0.0800107337,0.825511,0.588999,78.2,99.132623,0.0465487225,16.4375952309,1.7,1.5330045959,0.6862656716,0.0601252993,0.1497973526,0.2309805765,877.4,573.61,2.4867338983,314.6896916,0.0399819171,70,4.3135149561,37.5543284,-0.011264134,66.8514,65.1721,20.7217720788,2.758734,2.73,1.3406032094,226.8457756,184.3517177,0.781617,58.5630304685,1.7031059132,-0.0926154031,32.7748239894,0.5151391962,0.0465487225,71.57023716,173.2143820766
14,CLUJ,77,45,36,101,46,24,116.694,71.404,98.71,24.519,30.331,34.027,29.789,41.801,35.356,39.538,14.083,7.262,6.82,10.75,7.735,6.63,3.623,2.135,2.446,2.445,2.965,3.368,2.218,90,39,37,98,51,30,113.66,70.0987,100.43,23.32,29.16,33.38,30.03,40.84,33.7,39.13,13.5921,7.1382,6.4539,10.7105,7.8,6.01,3.6974,2.0067,2.3007,2.3241,3.0072,3.4071,2.2698,1695.198791,2920.096745,193.5597843,13.489006274,56.0196310004,5.9897318882,14.0546336006,5.1592611686,17.8210042812,14.4596950926,0.4761820298,9.4105993066,39.2084571687,11.1783361929,9.5939404388,-1.5843957541,5.7902960549,77.616319,20.8586046719,0.7757306004,23.5443137718,255.9543125,3.308563,27.7406772649,0.3365814815,41.11334587,11.1095955716,1.0,0.235353863,0.916941,0.771182,79.6,99.493426,0.5045464018,31.6875706091,1.0,0.8665036031,0.6822530808,0.3660293363,0.4578966993,0.4240839893,1238.27,453.676,2.0141929106,634.4840739,0.0358528735,87,104.1175373748,109.3374565,0.004199889,78.1978,77.4953,23.1496172028,2.666181,2.52,5.7584100207,193.5597843,248.6378985,0.83136,29.7866378864,14.4059550615,-0.5585864582,50.2354680299,0.3962334514,0.0287920501,179.9094596,52.3622868159
15,CONSTANTA,66,48,44,79,74,26,112.291,68.225,99.934,20.769,29.649,33.057,31.314,41.016,31.424,39.851,14.124,7.431,6.692,11.04,7.619,6.369,3.688,1.872,2.139,2.223,2.845,3.381,1.691,79,37,46,80,80,27,111.36,68.3865,101.02,19.88,29.07,33.02,32.11,40.4,30.55,40.42,13.6994,7.3681,6.3313,10.9387,7.58,5.73,3.7407,1.7593,1.9806,2.0516,2.9557,3.4013,1.7947,1440.390376,2627.287975,399.3379723,24.9200306498,80.2458248803,6.4227035101,12.0760524394,2.7680525591,16.1977816748,15.1719143107,0.4163376642,5.8496991062,37.3883540277,10.9106600891,8.7282673314,-2.1823927577,-1.0129744162,57.67793671,16.2796605031,1.3284234436,18.0661769074,156.837091,3.314441,21.7445199105,0.2815990655,46.13229801,10.4413100731,1.9,0.2241239006,0.958841,0.760912,83.0,99.125989,0.2018100408,22.8973672253,1.5,2.1821524408,0.9658162936,0.1711329828,0.4354520199,0.3379724584,871.45,476.826,1.7259402426,410.673512,0.1095974207,77,59.9180521034,108.0569116,-0.002865259,80.7368,82.0368,20.2369887859,2.844037,2.74,4.8668769831,399.3379723,196.3198848,0.864733,4.3460218253,5.6800165603,-0.0283315296,43.2121502479,0.3241980655,0.0234360047,91.35215136,102.0255730891
16,COVASNA,70,35,32,88,33,22,126.494,69.441,86.947,27.655,33.535,35.196,31.268,44.644,39.608,42.242,15.096,7.846,7.25,10.18,6.76,6.451,3.582,2.213,2.627,2.565,3.058,3.205,2.21,79,30,27,85,43,16,124.17,68.1333,87.97,26.5,32.37,35.07,31.57,43.67,38.73,41.77,14.9,7.8333,7.0667,10.1333,6.77,5.9,3.5667,2.2069,2.5172,2.5357,3.2727,3.2609,2.2222,1008.384619,2099.194331,197.3596963,27.2281146114,39.302939391,8.5066162571,9.3882269173,2.0305996422,16.3340612998,15.936706786,0.454415106,7.9714261806,42.8867097732,12.0892623568,9.3190816565,-2.7701807003,-1.6911754991,25.24951004,9.80135518,2.1674261276,11.0368160264,164.3437446,2.058656,14.6424956045,0.3479241261,42.50755582,9.9291784325,1.9,0.1548800323,0.770369,0.60159,67.3,98.086034,0.24613329,22.2267151315,2.0,0.9229998374,0.8246221693,0.0631442277,0.2002759038,0.2341272519,300.07,268.571,2.3321177622,300.0802339,0.0312888954,71,6.5049512348,61.14158158,-0.004274686,64.5386,61.9168,18.5694513425,2.818746,2.7,2.3382662547,197.3596963,297.9520922,0.708435,48.7564172537,9.6818011058,-0.523457996,34.4057021768,0.6548903608,0.0395571359,58.4310868,180.8862300798
17,DAMBOVITA,68,33,28,100,66,13,125.896,65.411,83.515,27.27,32.446,35.086,32.116,43.447,39.906,42.543,16.781,8.905,7.876,9.58,7.293,7.595,3.55,2.16,2.216,2.234,3.139,3.617,2.533,78,28,30,98,68,17,123.8,64.75,84.95,26.15,31.6,34.85,32.5,42.65,38.65,42.5,16.3,8.75,7.55,9.5,7.35,7.06,3.6,2.05,2.1,2.1,3.2105,3.6316,2.6,755.6808654,2260.885192,222.1774911,25.3601960902,55.2303994556,2.8050490884,7.2789368745,1.0951794931,16.980015232,14.4486112852,0.5156121217,4.5086749431,45.7215009301,12.3285574918,8.1833311016,-4.1452263902,-1.4078849207,32.23200069,9.9085831902,1.7424310929,10.9240748618,165.2325688,3.364448,14.223734581,0.2869330681,43.8389197,9.4342407486,2.0,0.1476311753,0.764842,0.480734,57.1,98.921474,0.0705951938,15.4187535178,2.0,0.3205403394,0.5372075135,0.3927290299,0.4877775485,0.4752425933,835.73,323.855,1.9832218812,451.1077893,0.0254153619,71,24.2694828425,128.6825335,-0.005840884,52.0651,47.7032,19.4184119897,2.983574,2.91,6.1894813161,222.1774911,151.0018134,0.58972,28.3318671495,2.329854643,-0.960298965,30.3760600782,0.5361418773,0.0591473245,48.53043021,147.3028391354
18,DOLJ,75,20,32,96,45,8,112.945,71.111,102.166,22.988,29.933,33.181,29.123,41.502,32.981,38.462,14.506,7.526,6.98,10.19,7.527,6.616,3.682,2.034,2.155,2.176,3.111,3.526,2.235,86,10,34,99,50,8,111.19,70.6923,103.5,21.96,29.1,32.99,29.62,40.79,31.72,38.68,14.3462,7.6026,6.7436,10.0385,7.45,6.11,3.7244,1.9286,2.0195,2.0331,3.1837,3.5533,2.305,979.813982,2134.819686,163.0904243,28.7049895844,80.2242950364,6.4412238325,16.1444124027,4.4956023473,18.2140307423,14.0122386537,0.6572508961,6.8168757021,39.8695620579,13.668406142,8.0702220502,-5.5981840917,-0.9400097611,72.38361206,14.292251704,1.3538181982,15.7271881682,124.8216985,5.066853,19.9112532062,0.2916773759,44.05599892,9.9459506255,3.5,0.155940186,0.667975,0.48117,52.8,99.271628,0.1858163098,18.7985607158,4.2,0.2016611114,0.4180525661,0.0933621165,0.3298309996,0.3284439669,1073.97,474.412,2.0201087514,382.706626,0.0305685857,73,17.4292817695,93.14434385,-0.006303358,47.7567,46.6872,20.203903871,2.870882,2.79,4.1167675452,163.0904243,195.5700314,0.543164,9.8755384935,4.5063425491,-0.8068740918,28.731449556,0.440773572,0.0129639286,153.5053527,133.8028398034
19,GALATI,76,31,46,101,40,15,111.433,67.169,99.736,20.349,30.527,32.942,30.144,41.518,31.744,38.171,15.119,8.034,7.085,10.19,7.098,6.88,3.653,1.868,2.13,2.049,3.011,3.502,1.642,90,28,49,93,46,24,106.84,64.7612,101.93,18.46,28.99,32.1,30.12,40.12,29.34,37.37,14.4328,7.791,6.6418,10.2388,7.31,6.24,3.7313,1.7313,2.0,1.9333,3.0333,3.5538,1.6774,899.514194,1885.151714,125.066558,27.0009119308,81.5703135983,5.212858384,7.7274955593,1.5359491688,16.1806006649,13.5945639576,0.3936248707,4.7435578755,42.9798924589,11.7736476797,7.336022996,-4.4376246837,1.445215651,55.48683053,11.7562671775,1.7248271841,13.8950767407,143.9005478,3.635482,17.5119045186,0.2820321612,40.036643,9.6681398296,2.3,0.2463776447,0.797383,0.5615,60.4,99.03076,0.2021404606,17.9257205432,2.6,0.1368825166,0.4601263114,0.147047704,0.5557597472,0.3572117742,785.6,316.062,1.8869580852,372.4583469,0.067816521,72,13.0038390771,140.0839898,-0.004294787,58.1678,59.0533,17.1608130821,2.721397,2.63,4.1478585844,125.066558,165.8389166,0.624139,8.038145869,5.4127982278,-0.6973659746,36.8065003406,0.3581228632,0.019099886,29.11668961,131.5057662665
20,GIURGIU,42,29,18,69,35,24,123.949,70.771,90.822,25.911,33.315,35.097,31.833,43.459,39.794,40.696,12.292,5.972,6.321,11.82,8.002,6.554,3.798,2.053,2.316,2.459,3.234,3.617,2.387,54,18,20,66,38,32,123.82,71.0909,91.27,25.36,32.91,35.23,32.68,43.23,39.27,41.32,11.5455,5.7273,5.8182,11.8636,8.09,5.78,3.8636,1.9545,2.1818,2.3182,3.3182,3.6364,2.4762,775.9586097,2937.727473,402.1331814,26.4135442035,78.9240044653,4.4702726866,6.0274592362,1.1602494171,18.5602163278,14.2826896862,0.3897660668,2.9559248528,42.809019906,15.9480753523,8.1938090407,-7.7542663116,-0.7801883441,17.02285622,6.7988231055,4.0236962883,7.3353336465,180.0643198,2.968304,9.3963591744,0.3113427664,45.82996847,8.1178619017,1.1,0.0976439729,0.616547,0.381635,41.1,98.81973,0.0912145768,12.4741406675,1.0,0.1240518245,0.3332801521,0.1184972312,0.2023893256,0.3373155427,555.71,277.556,2.1331967213,883.1629788,0.013244637,58,16.0172796894,76.71075184,-0.0079865,40.7066,38.9725,19.6247395824,2.908244,2.84,5.5093604399,402.1331814,88.84731384,0.452366,9.9268550544,2.3938197154,-1.8005588051,21.8303529456,0.4487757179,0.0145943323,50.13758054,435.8651931267
21,GORJ,70,6,59,103,56,33,125.629,79.513,97.884,26.665,33.252,35.632,32.704,44.399,41.163,40.067,13.463,6.952,6.511,9.85,7.591,6.601,3.518,1.821,1.889,1.837,3.163,3.642,2.048,82,-2,61,103,63,33,122.23,77.7,99.47,25.13,32.03,35.17,32.77,43.33,39.2,39.7,13.1333,6.9333,6.2,9.7,7.53,6.07,3.5667,1.7333,1.7692,1.7241,3.2,3.6897,2.0333,904.3548529,2365.913234,232.988791,24.7339929065,35.2960998191,6.427221172,9.7241730167,2.1649210896,16.0474788805,12.964672246,0.5769166453,6.4761481769,43.6685070581,11.1451928549,7.3422254299,-3.8029674249,-5.0160307568,57.41252203,12.6112711513,1.2671286204,13.3346761199,171.2192203,1.916541,17.2437963261,0.3136754153,43.91357668,10.1545762166,2.0,0.0663902504,0.709542,0.483221,55.4,98.214543,0.0608279233,20.1569913403,2.0,0.7962928146,0.4070652038,0.1588598243,0.3469177366,0.4075902521,826.05,424.603,2.1841013362,376.8023817,0.0428382015,73,6.8569659032,64.53119765,-0.00789531,50.5302,45.7182,19.2111226623,2.777006,2.75,3.1022240901,232.988791,198.0888673,0.56875,52.3965242388,1.4933143893,-0.0220804482,34.0822781886,0.5446864044,0.0884769794,60.96632292,201.6138461999
22,HARGHITA,93,38,43,81,52,34,120.256,74.197,97.941,27.595,30.698,33.124,30.809,41.444,37.596,41.216,13.353,6.679,6.674,11.83,7.816,5.81,4.002,2.329,2.21,2.287,3.139,3.409,1.941,98,32,38,75,62,30,114.9,71.7,100.8,25.45,28.78,32.5,30.48,39.7,35.45,39.75,12.725,6.425,6.3,11.825,7.93,5.19,4.0,2.375,2.2,2.35,3.2821,3.4737,1.8611,905.4666588,2265.691318,161.4209497,27.5636478285,34.7742851777,6.7329272203,11.3566983768,1.7414005191,17.0782484499,15.5440837829,0.485696099,5.9226322274,39.6365648332,11.4024226759,9.3960782896,-2.0063443863,-1.5092770834,34.90330083,9.6120095728,1.1704982232,10.7810721448,150.6909657,2.061024,14.686432869,0.3825911968,39.92583071,10.2223426744,2.3,0.1507409243,0.81901,0.65358,71.4,98.00951,0.2436156167,20.116634736,2.5,2.6105969786,0.4032448614,0.0822463898,0.2367525279,0.3066590177,776.98,437.449,2.4096755615,426.8349375,0.0304452838,71,7.5190005143,50.0188694,-0.002926832,68.507,65.0112,18.7453855894,2.829073,2.71,3.4346794349,161.4209497,256.097624,0.765226,42.7050574996,1.8204979763,-1.3680476238,41.6126163555,0.4872312333,0.0691748047,224.1499607,108.6719326864
23,HUNEDOARA,81,23,31,101,37,11,123.083,76.684,97.601,26.897,32.05,34.271,31.643,43.598,37.863,41.622,15.921,8.379,7.542,10.5,6.836,6.926,3.551,2.091,2.328,2.402,2.773,3.308,1.896,94,16,29,101,43,8,119.43,75.525,100.1,25.28,30.68,33.78,31.8,42.2,35.9,41.33,15.5,8.3,7.2,10.35,6.8,6.39,3.5897,1.973,2.1613,2.2727,2.8438,3.3824,1.9355,993.5790406,2377.909019,213.2851102,20.1892056849,28.744688004,5.1703163017,10.0143649564,2.4857432134,18.4420562335,12.4590069933,0.5151432469,7.0144330435,41.4695447541,12.7815660352,7.1448128398,-5.6367531954,-4.2286513948,80.13347414,13.6064484093,0.8733096702,14.324758145,145.4221046,1.722891,19.2492423632,0.2346836334,45.11565319,10.3010591422,1.9,0.1622670265,0.89037,0.668605,82.8,98.964311,0.2206664994,22.8037193122,1.8,1.0514109676,0.4354466799,0.1212159434,0.2758044518,0.4843264189,1253.45,377.642,1.8932325887,372.1015898,0.0408672511,75,5.0623491031,65.04466862,-0.009562409,79.6785,79.5282,18.6490234426,2.551152,2.52,1.5489922897,213.2851102,166.688627,0.852225,56.8370080237,7.1365475844,-0.0339974424,41.0194806495,0.3612873078,0.0389411469,61.23481836,108.1695135795
24,IALOMITA,79,42,19,98,40,-11,93.486,73.819,124.333,13.874,26.495,31.151,25.415,34.868,25.449,33.169,13.808,7.488,6.32,9.93,6.978,6.927,3.631,1.936,1.877,1.968,3.402,3.674,1.887,91,31,25,100,47,-8,93.62,74.0833,124.47,13.35,26.2,31.3,26.37,34.63,25.05,33.93,13.4833,7.4833,6.0,9.8167,6.9,6.25,3.678,1.8448,1.7308,1.7885,3.5088,3.6727,1.9623,789.4189167,1944.632773,135.4675798,33.2458165944,86.2166241157,6.2682824906,6.4533476741,1.1720823767,17.2504384427,16.0480533146,0.3854943009,2.9711874373,38.2169485096,13.2994362008,8.2771263533,-5.0223098475,-4.3443671959,64.65943413,7.882185281,3.3288300904,9.0358963018,175.6322749,4.703765,11.6705702596,0.3113001972,45.90976944,8.5909369628,2.2,0.0903744654,0.73635,0.377817,45.0,98.794521,0.0861825277,15.1253783413,2.4,0.1999434643,0.6663640845,0.0836800605,0.3427175848,0.260587571,485.66,318.407,1.8552757412,288.437989,0.0658208261,61,11.0658365566,64.64912807,-0.009262218,41.4653,41.4184,17.8979840183,2.84047,2.78,4.8951675733,135.4675798,153.3003909,0.453036,5.5773049105,0.8234990217,-0.2889422429,24.6939387216,0.479174854,0.0206838066,28.7194528,106.3085223957
25,IASI,87,39,42,86,54,20,123.498,66.784,87.285,28.366,31.875,33.633,30.858,42.548,39.242,41.708,12.479,6.462,6.017,9.81,7.244,6.742,3.583,2.02,2.276,2.145,2.763,3.48,1.847,98,31,45,86,61,22,122.41,66.271,87.86,27.62,31.3,33.41,31.45,42.1,38.35,41.95,12.2968,6.5032,5.7935,9.7161,7.18,6.15,3.6275,1.9145,2.1308,1.9926,2.8162,3.4963,1.9104,823.2033025,1912.184497,125.7792995,16.3257836904,70.8152843494,4.7154293234,12.5191494967,4.1082443231,13.3700760329,16.9337450835,0.5203754257,7.9138186312,44.2611361718,9.966409275,9.6234314039,-0.3429778711,9.9653539584,51.83423616,14.8508688867,1.3349675661,18.0869382694,179.9742587,4.443571,22.351834504,0.260663182,43.35598693,10.1094133241,1.2,0.2150327006,0.679489,0.530361,56.8,97.455887,0.2029156105,17.4949377336,1.3,0.1742312048,0.7661070192,0.2522962675,0.4625248906,0.4548347133,1123.52,347.012,1.8592321755,400.5392235,0.0529727176,73,32.3177637212,172.3689525,0.008905242,54.111,55.0042,15.7292351463,2.876582,2.7,5.5286535965,125.7792995,151.8851784,0.584955,16.5459174483,5.0099695059,-0.9150521766,35.7491509272,0.4716991155,0.0254972495,90.56673874,109.5221157889
26,ILFOV,74,34,31,87,44,10,126.006,72.261,90.255,27.62,33.417,34.489,32.457,45.45,38.327,42.228,14.85,8.056,6.794,10.33,7.23,6.925,3.516,1.993,2.242,2.167,2.832,3.562,2.145,86,23,33,90,51,11,124.42,71.8387,91.42,26.56,32.63,34.4,33.02,44.76,37.13,42.53,14.4516,8.0161,6.4355,10.1935,7.15,6.27,3.5645,1.9016,2.1,2.0164,2.9286,3.5902,2.1818,2381.126746,3555.326561,286.4202274,24.6403193263,62.8131484985,4.2857142857,5.9717070015,1.919730246,12.7649450357,17.138405494,0.3702848679,3.2333948554,42.7035689848,9.6002305915,11.3901040916,1.7898735001,30.2511866629,46.05127871,16.5406253017,1.8559530044,19.0368299948,363.6070623,1.49651,21.5905080535,0.299861924,41.08488679,10.2061505668,0.3,0.6791734904,0.884199,0.70607,75.4,98.317045,0.1369549253,34.8304710541,0.3,0.1841807616,0.7170841341,1.4079081162,0.8137515284,0.5167694074,2.64,181.623,1.6969148752,586.6749613,0.11540756,85,131.8309220608,275.9034396,0.034257466,72.5978,73.3423,29.3027648366,3.223741,3.05,24.179628191,286.4202274,367.080005,0.790003,14.8903299862,16.1477682067,-1.386293398,43.7131883621,0.2337678897,0.0165290427,1.269617711,122.6182982879
27,MARAMURES,69,37,41,78,48,16,104.558,67.574,107.016,22.376,26.523,31.682,26.162,38.17,30.168,36.221,12.554,6.543,6.011,10.86,7.181,6.465,3.711,1.863,2.178,2.128,3.058,3.502,1.994,81,33,43,70,53,25,98.38,64.4,110.02,19.96,24.52,30.76,25.66,36.5,26.96,34.92,11.58,6.16,5.42,10.94,7.42,5.75,3.8,1.78,2.102,2.0816,3.0408,3.5833,1.9149,842.102283,2220.452801,208.8836649,24.1893161424,35.1397331404,7.310255859,11.1467886405,1.7295753568,15.744854971,14.8383155541,0.4863086873,5.4865828285,41.382487324,11.1070313934,8.894422006,-2.2126093874,-1.7918885013,44.38253473,11.3208654715,0.9941417486,12.6370391957,157.5726355,2.746224,15.9015008014,0.3480509149,44.47579618,9.7980882996,1.6,0.1500499032,0.831144,0.625104,73.3,98.857566,0.0725428958,19.5440106294,1.6,1.0079644463,0.3827573013,0.1844363393,0.3796630693,0.2841998483,831.54,368.068,2.0573040801,474.8274681,0.0328472187,73,13.4204357155,82.93328473,-0.003969594,65.9933,63.0068,19.0022240125,2.83983,2.79,5.3032674847,208.8836649,208.1195421,0.75988,50.3786856159,8.7171832674,-1.0660232071,35.9594920089,0.4543476103,0.0381804715,69.78888226,134.5958100211
28,MEHEDINTI,77,40,48,65,48,17,109.366,66.91,101.544,21.52,29.369,33.868,27.175,39.965,32.916,36.485,13.149,6.864,6.285,11.13,7.842,6.89,3.775,2.212,2.37,2.202,2.931,3.604,1.679,90,30,49,62,53,24,107.28,66.175,102.9,20.28,28.45,33.73,27.63,39.18,31.5,36.6,12.3,6.575,5.725,11.15,7.95,6.14,3.85,2.125,2.25,2.0769,3.0,3.641,1.7105,797.2498125,2984.020851,269.8556419,27.794249925,57.3048141435,4.7846889952,8.4500762559,1.7515861586,17.935000379,13.4388864221,0.581978656,5.1362254963,43.1206903048,13.3435228464,7.4288659427,-5.9146569037,-4.4111113086,96.64359216,10.7234823981,2.0350159638,11.50295384,186.4268115,3.182476,15.4560929208,0.3732205378,43.70033722,9.4336938019,3.5,0.0686275699,0.658871,0.409105,46.7,97.952492,0.1486194316,15.6510415745,4.0,0.4953981055,0.5799558144,0.0107452325,0.2178241097,0.3878420717,697.18,453.424,2.0997748855,563.7994348,0.0251397893,65,8.9171658982,56.83727761,-0.010054944,43.6039,42.4417,19.2460925474,2.618989,2.58,3.3474757697,269.8556419,166.0961949,0.477249,33.7414735376,0.6960230932,-0.1083789128,26.2464871635,0.5484764739,0.0106156737,116.0735387,224.8816782581
29,MURES,86,34,36,92,35,8,120.159,78.54,102.381,24.817,32.565,34.439,30.811,42.43,36.891,40.838,14.061,7.322,6.738,10.88,7.746,6.683,3.721,2.373,2.584,2.549,3.362,3.648,2.817,95,26,36,93,42,7,117.88,77.5481,103.67,23.72,31.59,34.01,31.23,41.55,35.65,40.67,14.0481,7.4519,6.5962,10.7692,7.69,6.22,3.75,2.2885,2.4747,2.43,3.45,3.6563,2.9059,1092.245893,2381.550265,198.2021135,28.0188499759,54.6957519334,6.4713284199,13.3610805955,4.3235931919,17.3051219285,15.5606000288,0.5111473994,6.8041650452,37.9127741692,11.9338215351,9.3715202146,-2.5623013206,-0.9855005079,38.16744412,11.8067463034,1.7367490624,13.2687234373,174.3552822,4.627706,18.21108013,0.2981770768,40.8407487,10.0579686929,1.6,0.1979094821,0.766665,0.627479,69.2,98.456904,0.1985151738,22.4148866192,1.8,1.2180083545,0.6995133367,0.5158409118,0.3556078845,0.3256247619,777.17,405.433,2.2323026726,528.9040544,0.0414485732,76,17.6981324433,88.5006576,-0.002784691,65.1024,62.0593,18.4100633734,2.824127,2.71,3.1089495014,198.2021135,248.9495912,0.708722,33.67936644,1.6188814298,-0.7479700019,37.9549413451,0.4306769872,0.0235526477,113.023898,34.8434507638
30,NEAMT,66,32,33,95,39,3,124.825,74.982,94.157,28.487,32.819,33.566,31.198,44.837,38.353,41.635,14.042,7.435,6.606,10.53,7.663,7.122,3.462,2.077,2.292,2.432,3.104,3.641,2.277,79,24,36,93,44,8,122.39,73.9831,95.59,27.2,31.83,33.24,31.61,43.97,36.83,41.59,13.4237,7.2542,6.1695,10.5085,7.73,6.44,3.5254,1.9661,2.1579,2.2931,3.1786,3.678,2.3214,668.2752376,2040.228909,168.7340194,28.8936503989,40.6964775613,7.7910174152,8.2102839091,1.4869018103,17.0733818542,14.2516958734,0.4565079599,4.099394551,40.2463219519,12.6485592555,7.6451956497,-5.0033636058,-1.186021415,60.08049004,9.4035942648,1.0642609537,10.8998666736,146.1901085,2.966813,14.6341604188,0.2347516538,43.72764827,9.4236605313,1.8,0.0862675488,0.64102,0.474996,53.6,99.186615,0.0524172201,14.7222498869,2.1,1.1112450662,0.453976238,0.1122276122,0.2682596478,0.3461907733,773.68,425.115,1.9598074105,378.9363665,0.0293727336,68,10.955199002,96.53436326,-0.007046585,50.9442,50.1327,18.4144769373,2.657713,2.56,3.8229625863,168.7340194,149.1727772,0.557384,45.0228526058,0.5009421573,-0.2946434898,27.6104275362,0.4909746283,0.0506699794,81.3146005,176.694776564
31,OLT,79,16,32,116,59,-19,128.199,79.985,95.786,29.119,34.025,34.538,32.929,47.656,39.029,41.513,16.001,8.34,7.661,9.95,7.178,7.034,3.598,1.768,1.656,1.767,3.368,3.501,2.32,92,11,34,109,60,-8,123.63,78.25,98.63,27.19,32.5,33.75,32.94,46.31,36.5,40.81,15.25,8.0625,7.1875,10.0625,7.5,6.47,3.6875,1.625,1.5625,1.6875,3.375,3.5625,2.4,796.651745,2806.048118,269.8913754,23.9318769364,80.5486731144,5.9467918623,8.0181070108,1.6493873704,18.7567246689,12.4696230475,0.5475610622,4.546915277,41.7073785518,14.484033376,7.2819019097,-7.2021314662,-4.7429226523,88.58179547,8.4555290129,1.4040416016,9.099561342,185.3108859,4.194188,11.990799773,0.3646648844,45.35069729,9.162565814,2.9,0.1085717477,0.606655,0.330467,30.5,98.980243,0.1019538897,16.0948941492,3.2,0.1268759516,0.4198502662,0.073453075,0.3680829332,0.4287639301,1095.62,302.94,2.007394804,530.2789003,0.0430580726,63,9.6516348873,79.66472325,-0.012002894,35.4283,34.909,19.6557379649,2.75293,2.74,3.7473718553,269.8913754,132.320055,0.409147,9.4358506677,2.2083318047,-1.0823838198,19.9648180101,0.58000435,0.0294533459,78.81161868,162.90529724
32,PRAHOVA,73,36,46,87,60,12,112.719,67.5,98.781,22.193,28.597,34.204,30.043,40.655,33.357,38.707,14.638,7.86,6.778,10.51,7.419,6.659,3.686,2.035,2.007,2.069,3.037,3.361,2.24,87,24,46,92,67,9,112.13,68.1667,100.03,21.41,28.07,34.27,30.94,40.15,32.56,39.43,14.3254,7.8651,6.4603,10.3254,7.26,6.04,3.7222,1.9194,1.8403,1.9008,3.1557,3.395,2.3417,1174.60248,2379.979196,216.9809165,24.0568940758,48.9036225648,6.2280421591,9.3921027777,1.4923786113,18.6057910248,13.6582906788,0.4534701806,5.3458882611,40.8041306303,12.9554300063,7.8618957941,-5.0935342122,-2.4394224733,67.62450345,13.6537592242,1.0283415286,15.1507874705,139.1236685,3.227036,19.0207304899,0.2837413685,45.57659911,10.0551692435,1.4,0.2239037945,0.83867,0.603928,68.0,98.993459,0.1701286598,22.2944852044,1.4,0.8631527593,0.5754819429,0.5528845025,0.7855093414,0.4733978067,1126.6,289.777,1.8785397957,399.5420075,0.0343749192,77,16.7626767743,169.210823,-0.007094402,63.502,63.4961,20.1592154067,2.903721,2.77,3.6402529413,216.9809165,198.3317715,0.709411,33.5556619424,2.8340126766,-0.3453729004,36.7137842972,0.4315763796,0.046285003,66.76504457,77.5119192067
33,SALAJ,73,25,48,87,31,27,120.723,82.758,106.035,24.004,31.836,35.894,31.298,43.741,35.052,41.931,14.463,7.762,6.701,11.01,7.778,6.902,3.798,2.331,2.466,2.375,3.313,3.626,2.571,85,20,47,80,34,32,115.63,80.5667,108.93,21.9,30.07,35.2,31.13,42.17,32.43,41.03,13.6,7.4333,6.1667,11.0333,7.97,6.2,3.8667,2.2333,2.3667,2.3,3.3667,3.7,2.5667,873.724466,2641.020479,233.0474523,25.9358787743,58.8786495093,11.0837438424,8.4445998471,1.8621216803,16.9346063033,15.9655066215,0.4534295203,5.311429969,42.9740979749,12.6610141856,9.9298874939,-2.7311266917,-2.8004239361,40.20726398,10.7772498085,1.8370994958,11.6766321521,132.8487812,2.872463,14.5556851879,0.436165009,43.95233953,9.6203271596,2.5,0.1331912986,0.743631,0.521852,60.9,99.741877,0.0935126608,19.7754882987,2.9,0.9595212152,0.2859229165,0.1286386343,0.3606693099,0.4632853288,612.41,284.249,2.1281800391,476.839475,0.0473373619,69,12.481907333,63.32326995,-0.004694531,55.3979,49.3803,19.2669420547,2.796794,2.71,3.9844525037,233.0474523,237.0768303,0.623367,33.0538502185,2.7629648203,-3.913e-07,36.7533752906,0.7115093757,0.0325261429,67.37692809,149.0147136395
34,SATU MARE,70,32,49,77,35,38,114.496,73.482,102.986,22.5,31.385,33.159,30.107,41.015,34.055,39.426,13.377,7.044,6.333,11.33,7.89,6.589,3.754,2.124,2.362,2.33,3.339,3.453,2.087,81,24,52,72,42,42,110.5,70.6,104.1,20.89,30.19,32.4,29.88,39.46,32.28,38.76,12.5875,6.75,5.8375,11.375,8.05,5.93,3.8125,2.0625,2.2692,2.25,3.3803,3.5065,2.0704,921.0997673,2544.858401,198.7588932,26.0151490584,73.0784607427,7.4142724745,7.5673481134,1.5982650345,14.6302867059,15.2189790474,0.3428559644,4.6943282015,37.7012428854,11.444998636,8.3308883707,-3.1141102652,-1.3099852273,55.61431358,10.0494439608,1.5293132053,10.9303641595,135.1424821,3.185707,14.3432137534,0.3345738301,46.24564492,9.8089696892,1.3,0.2181112208,0.815894,0.602283,66.7,99.221198,0.0565302745,20.4431459612,1.5,0.3494598789,0.33669983,0.1845556483,0.4093825059,0.3873362235,857.37,291.689,2.1336171306,699.7350896,0.0483887635,72,11.9227488103,87.81401221,-0.003966379,64.9851,61.4628,20.1586779111,2.913219,2.8,5.3806543122,198.7588932,211.2856102,0.714983,18.010287642,6.2909298526,-0.0338893824,38.897125877,0.4753682177,0.0411129269,63.81761866,99.9433442143
35,SIBIU,83,43,73,87,25,33,131.885,76.073,88.188,30.167,34.673,35.954,32.612,46.219,41.979,43.688,15.675,7.906,7.769,10.57,7.76,6.555,3.602,2.106,2.209,2.028,3.249,3.381,2.076,94,35,77,80,28,45,129.92,74.8167,88.9,29.1,33.85,35.62,33.05,45.55,40.78,43.58,14.8667,7.6,7.2667,10.7333,8.03,5.79,3.6833,2.0,2.1034,1.8947,3.3051,3.3898,2.1525,1554.777144,2520.987974,235.3621979,21.2484876868,47.7326519433,6.3025210084,11.6764023571,2.9153519736,16.0531446775,15.5238288034,0.6195535369,5.9497703316,40.5905034204,10.0360922781,9.1653419995,-0.8707502787,2.7320592281,50.95492851,15.8773583568,0.7804725927,17.6092269137,186.8630505,2.369302,22.1458389582,0.361564612,40.66899906,10.7673818079,1.1,0.2385626447,0.882301,0.729414,79.7,99.11857,0.2891789246,28.4459953003,1.2,1.2980920617,0.5622417481,0.2923603352,0.3040002326,0.3090466438,920.22,301.929,1.9906171237,494.9143477,0.0274421632,84,53.1232394894,86.00116581,0.001806623,75.6464,73.6727,20.0916375881,2.819146,2.71,3.2473722204,235.3621979,352.7466459,0.83622,39.8493317263,11.0035025315,0.0744092998,42.4024935076,0.4069925606,0.0535516527,47.50144733,54.6998667706
36,SUCEAVA,58,33,41,98,47,6,117.853,78.169,104.316,25.036,30.449,33.982,30.299,43.129,33.028,41.697,15.256,7.924,7.332,9.87,7.291,7.004,3.46,2.067,2.054,2.015,3.195,3.631,2.137,71,31,42,90,53,13,110.15,74.35,108.2,22.2,28.0,32.7,29.55,41.0,29.15,40.0,14.4,7.6,6.8,9.9,7.5,6.33,3.55,1.95,1.95,1.95,3.1579,3.7222,2.0556,755.7363839,2088.557927,226.2781774,23.2874426366,37.8375847773,8.3157502793,8.0069501281,1.2620945207,14.5862642533,17.4931261067,0.4003633461,4.0037180203,43.7195381295,10.5958311829,10.6076803977,0.0118492148,6.9568056623,57.45128788,9.2749402226,1.0240368193,10.8085484004,224.1898942,4.095817,14.2493161463,0.2804314167,45.47877503,9.5721454253,2.1,0.120639266,0.629781,0.493676,52.6,98.281657,0.0648925829,13.7054459445,2.3,1.2183913526,0.5926384689,0.0760239106,0.1778882303,0.3678953667,1117.8,623.008,1.9463244439,355.6255622,0.0615303539,69,24.9505359598,88.67273885,0.009308757,49.9351,48.7931,18.13911513,2.93657,2.84,9.7895096505,226.2781774,147.6813812,0.563538,45.6232980323,3.0723229635,-2.5871140436,31.9158408078,0.3999502049,0.0384058144,96.58823057,119.8028354183
37,TELEORMAN,46,55,47,110,70,10,107.114,65.081,101.967,17.727,30.743,33.705,27.836,35.828,33.637,37.649,14.428,7.532,6.896,10.6,7.214,6.726,3.749,1.867,2.17,1.796,3.143,3.606,2.045,59,38,49,114,78,13,109.2,66.7,101.5,17.7,30.9,34.4,29.2,35.9,34.1,39.2,13.8,7.4,6.4,10.5,7.1,5.88,3.8,1.8,2.0,1.6,3.3,3.6,2.125,643.9011958,2101.860979,238.2840174,29.4484676874,86.3562630911,6.1199510404,7.3105365818,1.4668647154,23.0476861871,12.5234988087,0.5103671689,5.0960470339,41.5155094535,16.7053376631,6.5292270152,-10.1761106479,-6.9314764151,49.10306109,7.0980602578,2.6615201763,7.4149991206,126.2252756,4.851833,10.4632598666,0.3649547536,41.71315516,8.4712627349,3.6,0.0479382309,0.616434,0.342603,38.5,99.037185,0.0555029892,14.2766903303,4.1,0.1374359733,0.1743421206,0.0467108186,0.2287481684,0.2696849628,818.05,401.172,2.1997291808,358.073625,0.0392426196,56,3.4887593232,64.78941953,-0.016369914,36.2568,33.7823,18.6429281263,2.655454,2.64,1.5170817057,238.2840174,96.3594751,0.401931,4.1647609124,0.148009114,-0.2608500954,18.3610118654,0.4440239139,0.0185009964,39.38953725,107.3736538182
38,TIMIS,77,39,52,83,31,41,107.259,65.632,102.372,23.165,27.651,30.987,27.753,38.696,32.322,36.242,13.68,7.253,6.427,10.63,7.346,6.21,3.674,2.039,2.269,2.275,3.178,3.435,2.176,89,31,55,81,36,44,104.61,64.4016,103.8,21.84,26.62,30.58,28.11,37.8,30.75,36.06,13.2377,7.1557,6.082,10.5738,7.39,5.66,3.7295,1.9333,2.1466,2.1368,3.2479,3.4615,2.2264,1534.625008,2639.395048,250.4771649,16.3295114989,78.4446599291,4.4198895028,16.6166563626,5.8306862515,16.2020359187,14.5431050397,0.6332358751,7.4086866419,42.4836878603,10.0615730009,9.6178754326,-0.4436975683,5.2526352846,72.17541065,19.2363423954,0.944607957,21.3233265493,175.6519206,3.582806,24.3885372475,0.3042118058,44.80476757,10.7675022091,0.6,0.1942054735,0.915586,0.770145,85.0,99.284356,0.2611550515,31.7340695419,0.6,0.4663483062,0.697957623,0.2126420465,0.4003222161,0.3682711201,1267.42,573.945,2.0732874364,548.9727046,0.0914923564,83,60.998358454,86.52000415,0.004978854,79.1384,77.8715,22.8252033279,2.728626,2.6,8.7220457501,250.4771649,326.8860946,0.862196,14.140061604,9.5298472892,-0.3956576445,45.9148359334,0.3304410856,0.0293133221,42.63910384,127.338302759
39,TULCEA,64,37,61,110,58,12,118.598,72.38,97.782,24.464,30.894,33.902,31.63,42.984,36.335,39.279,12.824,6.487,6.337,10.66,7.178,6.08,3.771,1.959,2.087,2.163,2.809,3.512,1.939,78,27,63,112,65,13,118.47,72.8421,98.37,23.87,30.53,33.92,32.63,42.68,35.79,40.0,12.5,6.4737,6.0263,10.5526,7.08,5.41,3.8158,1.8421,1.9211,1.9737,2.9167,3.5135,2.0541,1100.573014,2622.273667,242.4859564,28.6156891433,41.8305994331,15.299877601,8.425667032,1.4084448352,16.6805411474,13.7912338896,0.4343608991,3.4836632543,42.7720653454,13.5112474952,6.8499467599,-6.6613007353,-5.9947514484,72.89295386,8.9736255085,2.2794908805,10.1730439895,176.3605277,2.303877,12.9808552514,0.3353707104,43.7865475,9.2410474657,1.9,0.0642815062,0.882581,0.416952,53.3,97.340557,0.1250098966,19.0135885758,1.9,2.7335497394,0.6464461997,0.0207599002,0.1924323821,0.1595556711,664.59,323.148,2.0112061339,363.0394186,0.0121285861,65,5.8337951755,28.05279126,-0.011611849,49.1018,47.6753,18.2433192628,2.649363,2.58,2.0418283114,242.4859564,164.2010464,0.626205,11.9688014127,5.5441471279,0.0772278777,29.5685525393,0.4958725899,0.0333359724,137.4554502,294.8352795884
40,VASLUI,65,31,66,56,42,52,95.151,68.951,117.8,18.441,19.443,30.089,30.32,33.832,27.213,34.106,9.818,5.42,4.397,10.09,6.66,6.013,3.83,2.475,3.129,1.926,3.298,3.719,2.426,80,23,66,54,48,52,92.35,68.175,119.83,17.08,18.3,29.63,30.8,32.68,25.63,34.05,9.425,5.35,4.075,9.975,6.65,5.38,3.875,2.325,2.95,1.7568,3.3947,3.7692,2.5,900.2788677,2708.414398,189.1572235,21.6220692266,33.8556123024,5.9607293128,9.2453629118,1.9317546897,20.6363924251,12.2687947305,0.5211493483,5.8896956698,39.8545656069,8.8157065249,7.1630755011,-1.6526310238,-3.8377206752,60.02961676,12.001652367,1.1123758124,12.596568499,173.6295896,3.146146,16.7609633128,0.3189728572,49.0746968,9.7889265761,1.9,0.1608994819,0.673641,0.473563,52.1,98.090581,0.1152538466,19.7139199086,1.9,1.4331565273,0.7364237692,0.1010307144,0.4248600103,0.4027693027,918.42,505.07,2.3359495868,549.0989343,0.0282858235,71,19.9439264981,69.0600632,-0.005429321,49.3039,45.1119,19.6524570366,2.619364,2.58,3.743244496,189.1572235,241.9008647,0.566661,53.7197310349,2.1809847495,-0.092175938,25.1457851745,0.5361809385,0.0476048497,93.77575706,210.2878424033
41,VALCEA,79,44,10,93,30,14,103.566,65.585,106.019,18.0,28.877,32.56,26.861,37.685,30.93,34.951,14.441,7.548,6.892,10.25,7.697,7.221,3.629,2.024,1.968,2.544,2.981,3.624,1.588,91,36,14,94,33,18,103.22,66.16,106.94,17.38,28.42,32.58,27.76,37.3,30.3,35.62,14.06,7.5,6.56,10.2,7.7,6.61,3.68,1.9,1.82,2.38,3.08,3.64,1.72,500.5728421,2283.674519,165.0061191,26.117662304,77.7460875383,6.4585575888,6.5962899683,1.0678545277,14.0542585451,15.8463711107,0.3295091519,4.0302297534,43.096948412,11.7513014915,7.5069342174,-4.2443672741,13.7250029797,46.26771836,7.0578167373,2.1588037677,8.2465271387,190.2441026,4.756321,11.1440749711,0.292923967,45.33508721,8.7793417207,2.7,0.0951529048,0.485227,0.281259,35.1,97.389794,0.0406801725,10.9305589456,3.1,0.1098364657,0.4345960771,0.078758253,0.2309728187,0.4134385253,922.53,387.252,2.1105043367,532.3244002,0.0468150035,60,8.237734928,92.81238467,0.008941155,32.6642,33.3291,14.422398503,2.733404,2.66,2.9452444878,165.0061191,118.5715027,0.371281,13.6533618551,1.6753502865,-0.2068820681,25.2499634596,0.4881620698,0.0203400862,57.03259537,127.7987168757
42,VRANCEA,78,29,51,112,42,-3,127.0,82.032,99.032,26.838,33.945,35.945,32.495,45.623,38.33,43.047,14.962,8.004,6.958,10.02,7.324,6.432,3.542,1.971,2.147,2.094,3.453,3.689,2.155,90,21,52,111,46,0,123.86,81.093,101.23,25.3,32.74,35.56,32.77,44.53,36.42,42.91,14.3953,7.8605,6.5349,9.9535,7.37,5.8,3.6047,1.8605,2.0238,1.9767,3.5116,3.7442,2.1905,698.6878258,2158.653004,141.2223621,28.028376729,50.3015385549,8.218277449,7.3532064929,1.3531137079,17.3185467012,15.0273852329,0.3967245591,3.4294634066,42.0751667597,12.5445481352,7.8616636645,-4.6828844708,-2.8376419144,28.18341556,9.0482653602,2.1971001059,10.0530967773,174.1911868,3.494653,13.1651133319,0.2997873061,41.27996881,9.0220808803,1.8,0.0730102896,0.74398,0.418004,47.7,98.570482,0.0438151105,14.8079609478,2.1,0.3762944788,0.3346378028,0.0543917379,0.341855578,0.3665978393,694.04,492.07,2.0616297831,360.2381397,0.0331958673,66,21.7529137049,79.68034401,-0.006743047,45.8353,44.7971,20.0677201194,2.670145,2.58,4.6083186853,141.2223621,174.8918672,0.526901,40.1231686493,1.9742276562,-0.1942558385,26.5283805382,0.4149548704,0.0515471889,128.4131147,126.2057356809
